{
  "grid": {
    "cols": 19,
    "rows": 13,
    "cell_w": 38.526315789473685,
    "cell_h": 39.76923076923077
  },
  "cursor_window": [
    262,
    493
  ],
  "predicted_cell": [
    6,
    0
  ]
}