{
  "grid": {
    "cols": 17,
    "rows": 12,
    "cell_w": 39.1764705882353,
    "cell_h": 41.583333333333336
  },
  "actual_cell": [
    11,
    15
  ],
  "predicted_cell": [
    11,
    15
  ],
  "top_cell": [
    11,
    15
  ],
  "actual_source": "diff",
  "combined": 0.594,
  "margin": 0.124,
  "texture": 65.8,
  "rejected": null
}