{
  "grid": {
    "cols": 17,
    "rows": 12,
    "cell_w": 39.1764705882353,
    "cell_h": 41.583333333333336
  },
  "actual_cell": [
    11,
    16
  ],
  "predicted_cell": [
    11,
    16
  ],
  "top_cell": [
    11,
    16
  ],
  "actual_source": "diff",
  "combined": 0.754,
  "margin": 0.754,
  "texture": 59.0,
  "rejected": null
}