{
  "grid": {
    "cols": 17,
    "rows": 12,
    "cell_w": 39.1764705882353,
    "cell_h": 41.583333333333336
  },
  "actual_cell": [
    10,
    14
  ],
  "predicted_cell": [
    10,
    14
  ],
  "top_cell": [
    10,
    14
  ],
  "actual_source": "diff",
  "combined": 0.731,
  "margin": 0.169,
  "texture": 57.2,
  "rejected": null
}