{
  "grid": {
    "cols": 19,
    "rows": 13,
    "cell_w": 38.526315789473685,
    "cell_h": 39.76923076923077
  },
  "cursor_window": [
    1517,
    307
  ],
  "predicted_cell": [
    11,
    3
  ]
}